REGWLD,GDPS,SCEN,Value,,,,,
ARG,GDPpct,BAU,21.25099945,,Sum of Value,Column Labels,,
BGD,GDPpct,BAU,30.7859993,,,RealGDPvalch,RealGDPvalch Total,Grand Total
BRAZIL,GDPpct,BAU,19.82999992,,Row Labels,BAU_aESRigid,,
C_C_Amer,GDPpct,BAU,27.49200058,,MAR,351.1328125,351.1328125,351.1328125
CAN,GDPpct,BAU,21.4640007,,ARG,55.39983749,55.39983749,55.39983749
CHIHKG,GDPpct,BAU,51.02299881,,BGD,-6263.571777,-6263.571777,-6263.571777
COL,GDPpct,BAU,14.58300018,,BRAZIL,-1480.557739,-1480.557739,-1480.557739
E_Asia,GDPpct,BAU,47.41400147,,C_C_Amer,-1379.721802,-1379.721802,-1379.721802
EGY,GDPpct,BAU,42.67699814,,CAN,161.4230957,161.4230957,161.4230957
ETH,GDPpct,BAU,29.21199989,,CHIHKG,-57590.10938,-57590.10938,-57590.10938
EU27,GDPpct,BAU,13.35700035,,COL,303.2727661,303.2727661,303.2727661
IDN,GDPpct,BAU,23.43799973,,E_Asia,19.86248207,19.86248207,19.86248207
INDIA,GDPpct,BAU,44.7859993,,EGY,-3082.670166,-3082.670166,-3082.670166
JAPAN,GDPpct,BAU,10.29599953,,ETH,-318.5664368,-318.5664368,-318.5664368
KOR,GDPpct,BAU,27.95899963,,EU27,-778.668335,-778.668335,-778.668335
MAR,GDPpct,BAU,25.625,,IDN,-3941.983398,-3941.983398,-3941.983398
MDG,GDPpct,BAU,18.82900047,,INDIA,-5526.184082,-5526.184082,-5526.184082
MEAS_NAfr,GDPpct,BAU,17.27599907,,JAPAN,-1897.144409,-1897.144409,-1897.144409
MEX,GDPpct,BAU,21.48399925,,KOR,-2203.844238,-2203.844238,-2203.844238
MYS,GDPpct,BAU,29.22800064,,MDG,-198.6408844,-198.6408844,-198.6408844
NGA,GDPpct,BAU,55.09400177,,MEAS_NAfr,3988.084717,3988.084717,3988.084717
Oceania,GDPpct,BAU,24.14100075,,MEX,36.6056366,36.6056366,36.6056366
Oth_CEE_CIS,GDPpct,BAU,37.28099823,,MYS,-1860.791748,-1860.791748,-1860.791748
Oth_Europe,GDPpct,BAU,14.09799957,,NGA,-1201.359619,-1201.359619,-1201.359619
PAK,GDPpct,BAU,27.98500061,,Oceania,2719.998779,2719.998779,2719.998779
PHL,GDPpct,BAU,40.11000061,,Oth_CEE_CIS,-217.8933716,-217.8933716,-217.8933716
POL,GDPpct,BAU,30.65500069,,Oth_Europe,-1007.743225,-1007.743225,-1007.743225
R_S_Asia,GDPpct,BAU,29.81500053,,PAK,451.1101074,451.1101074,451.1101074
R_SE_Asia,GDPpct,BAU,26.80200005,,PHL,1261.577393,1261.577393,1261.577393
Russia,GDPpct,BAU,26.56299973,,POL,-724.9813232,-724.9813232,-724.9813232
S_o_Amer,GDPpct,BAU,20.12599945,,R_S_Asia,-991.0960083,-991.0960083,-991.0960083
S_S_AFR,GDPpct,BAU,38.5530014,,R_SE_Asia,-1684.954102,-1684.954102,-1684.954102
TUR,GDPpct,BAU,35.29800034,,Russia,2261.927979,2261.927979,2261.927979
USA,GDPpct,BAU,13.04100037,,S_o_Amer,-1103.083618,-1103.083618,-1103.083618
VNM,GDPpct,BAU,36.95199966,,S_S_AFR,450.3258972,450.3258972,450.3258972
XAC,GDPpct,BAU,49.68700028,,TUR,-899.1259766,-899.1259766,-899.1259766
ZAF,GDPpct,BAU,26.15399933,,USA,-1737.168945,-1737.168945,-1737.168945
World,GDPpct,BAU,23.10112381,,VNM,-301.5571899,-301.5571899,-301.5571899
ARG,RealGDPvalch,BAU,116466.2031,,XAC,5896.958984,5896.958984,5896.958984
BGD,RealGDPvalch,BAU,53224.42188,,ZAF,-80.43305206,-80.43305206,-80.43305206
BRAZIL,RealGDPvalch,BAU,479300.5313,,Grand Total,-78514.17034,-78514.17034,-78514.17034
C_C_Amer,RealGDPvalch,BAU,152914.2969,,,,,
CAN,RealGDPvalch,BAU,382870.375,,,,,
CHIHKG,RealGDPvalch,BAU,5700457,,,,,
COL,RealGDPvalch,BAU,55184.36328,,,,,
E_Asia,RealGDPvalch,BAU,40368.00781,,,,,
EGY,RealGDPvalch,BAU,128670.7969,,,,,
ETH,RealGDPvalch,BAU,16245.40625,,,,,
EU27,RealGDPvalch,BAU,2394980.25,,,,,
IDN,RealGDPvalch,BAU,208710.8906,,,,,
INDIA,RealGDPvalch,BAU,914727.0625,,,,,
JAPAN,RealGDPvalch,BAU,473221,,,,,
KOR,RealGDPvalch,BAU,394588.9063,,,,,
MAR,RealGDPvalch,BAU,28189.84961,,,,,
MDG,RealGDPvalch,BAU,2073.281738,,,,,
MEAS_NAfr,RealGDPvalch,BAU,529891.5,,,,,
MEX,RealGDPvalch,BAU,278829.6875,,,,,
MYS,RealGDPvalch,BAU,98821.00781,,,,,
NGA,RealGDPvalch,BAU,313205.9375,,,,,
Oceania,RealGDPvalch,BAU,411832.625,,,,,
Oth_CEE_CIS,RealGDPvalch,BAU,317961.4375,,,,,
Oth_Europe,RealGDPvalch,BAU,173511,,,,,
PAK,RealGDPvalch,BAU,68110.73438,,,,,
PHL,RealGDPvalch,BAU,114224.0547,,,,,
POL,RealGDPvalch,BAU,167063.6094,,,,,
R_S_Asia,RealGDPvalch,BAU,37230.12109,,,,,
R_SE_Asia,RealGDPvalch,BAU,220877.2344,,,,,
Russia,RealGDPvalch,BAU,539486.5625,,,,,
S_o_Amer,RealGDPvalch,BAU,242952.0625,,,,,
S_S_AFR,RealGDPvalch,BAU,231005.1875,,,,,
TUR,RealGDPvalch,BAU,281958.3438,,,,,
USA,RealGDPvalch,BAU,2262366.75,,,,,
VNM,RealGDPvalch,BAU,68806.48438,,,,,
XAC,RealGDPvalch,BAU,79279.40625,,,,,
ZAF,RealGDPvalch,BAU,91505.24219,,,,,
World,RealGDPvalch,BAU,18071112,,,,,
ARG,NomGDPvalch,BAU,59683.6875,,,,,
BGD,NomGDPvalch,BAU,38885.78125,,,,,
BRAZIL,NomGDPvalch,BAU,293656.5,,,,,
C_C_Amer,NomGDPvalch,BAU,83971.375,,,,,
CAN,NomGDPvalch,BAU,266256.25,,,,,
CHIHKG,NomGDPvalch,BAU,3277696,,,,,
COL,NomGDPvalch,BAU,44709.40625,,,,,
E_Asia,NomGDPvalch,BAU,26870.5,,,,,
EGY,NomGDPvalch,BAU,92231.4375,,,,,
ETH,NomGDPvalch,BAU,13448.59766,,,,,
EU27,NomGDPvalch,BAU,895308,,,,,
IDN,NomGDPvalch,BAU,113901.8125,,,,,
INDIA,NomGDPvalch,BAU,481527,,,,,
JAPAN,NomGDPvalch,BAU,58921,,,,,
KOR,NomGDPvalch,BAU,210805.375,,,,,
MAR,NomGDPvalch,BAU,16926.82031,,,,,
MDG,NomGDPvalch,BAU,2050.268555,,,,,
MEAS_NAfr,NomGDPvalch,BAU,399814.25,,,,,
MEX,NomGDPvalch,BAU,132894,,,,,
MYS,NomGDPvalch,BAU,58831.84375,,,,,
NGA,NomGDPvalch,BAU,264639.75,,,,,
Oceania,NomGDPvalch,BAU,344401.5,,,,,
Oth_CEE_CIS,NomGDPvalch,BAU,211787.6875,,,,,
Oth_Europe,NomGDPvalch,BAU,100466.875,,,,,
PAK,NomGDPvalch,BAU,17150.53125,,,,,
PHL,NomGDPvalch,BAU,81457.90625,,,,,
POL,NomGDPvalch,BAU,94458.75,,,,,
R_S_Asia,NomGDPvalch,BAU,25776.53125,,,,,
R_SE_Asia,NomGDPvalch,BAU,98550.125,,,,,
Russia,NomGDPvalch,BAU,411605.5,,,,,
S_o_Amer,NomGDPvalch,BAU,161934.5,,,,,
S_S_AFR,NomGDPvalch,BAU,173910.3125,,,,,
TUR,NomGDPvalch,BAU,161005.875,,,,,
USA,NomGDPvalch,BAU,1346420,,,,,
VNM,NomGDPvalch,BAU,48133.35938,,,,,
XAC,NomGDPvalch,BAU,74973.64063,,,,,
ZAF,NomGDPvalch,BAU,51732.1875,,,,,
World,NomGDPvalch,BAU,10236795,,,,,
ARG,GDPpct,BAU_noES,28.11398125,,,,,
BGD,GDPpct,BAU_noES,41.2047081,,,,,
BRAZIL,GDPpct,BAU_noES,26.19335365,,,,,
C_C_Amer,GDPpct,BAU_noES,36.65719605,,,,,
CAN,GDPpct,BAU_noES,28.41492653,,,,,
CHIHKG,GDPpct,BAU_noES,69.88375092,,,,,
COL,GDPpct,BAU_noES,19.14597893,,,,,
E_Asia,GDPpct,BAU_noES,64.67635346,,,,,
EGY,GDPpct,BAU_noES,57.58211517,,,,,
ETH,GDPpct,BAU_noES,39.02702713,,,,,
EU27,GDPpct,BAU_noES,17.49453735,,,,,
IDN,GDPpct,BAU_noES,31.1667099,,,,,
INDIA,GDPpct,BAU_noES,60.89134979,,,,,
JAPAN,GDPpct,BAU_noES,13.4353199,,,,,
KOR,GDPpct,BAU_noES,37.3080101,,,,,
MAR,GDPpct,BAU_noES,34.09243012,,,,,
MDG,GDPpct,BAU_noES,24.86005402,,,,,
MEAS_NAfr,GDPpct,BAU_noES,22.77800751,,,,,
MEX,GDPpct,BAU_noES,28.42950249,,,,,
MYS,GDPpct,BAU_noES,39.05698395,,,,,
NGA,GDPpct,BAU_noES,75.71537018,,,,,
Oceania,GDPpct,BAU_noES,32.06585693,,,,,
Oth_CEE_CIS,GDPpct,BAU_noES,50.28046417,,,,,
Oth_Europe,GDPpct,BAU_noES,18.49546814,,,,,
PAK,GDPpct,BAU_noES,37.33770371,,,,,
PHL,GDPpct,BAU_noES,54.26920319,,,,,
POL,GDPpct,BAU_noES,41.03194046,,,,,
R_S_Asia,GDPpct,BAU_noES,39.86370468,,,,,
R_SE_Asia,GDPpct,BAU_noES,35.71766281,,,,,
Russia,GDPpct,BAU_noES,35.3819809,,,,,
S_o_Amer,GDPpct,BAU_noES,26.60461235,,,,,
S_S_AFR,GDPpct,BAU_noES,52.0674057,,,,,
TUR,GDPpct,BAU_noES,47.50395203,,,,,
USA,GDPpct,BAU_noES,17.07769013,,,,,
VNM,GDPpct,BAU_noES,49.81460571,,,,,
XAC,GDPpct,BAU_noES,67.97342682,,,,,
ZAF,GDPpct,BAU_noES,34.81697464,,,,,
World,GDPpct,BAU_noES,32.52893829,,,,,
ARG,RealGDPvalch,BAU_noES,170858.2813,,,,,
BGD,RealGDPvalch,BAU_noES,87259.60156,,,,,
BRAZIL,RealGDPvalch,BAU_noES,710024.1875,,,,,
C_C_Amer,RealGDPvalch,BAU_noES,234673.9219,,,,,
CAN,RealGDPvalch,BAU_noES,582516.0625,,,,,
CHIHKG,RealGDPvalch,BAU_noES,10098219,,,,,
COL,RealGDPvalch,BAU_noES,81011.44531,,,,,
E_Asia,RealGDPvalch,BAU_noES,72443.9375,,,,,
EGY,RealGDPvalch,BAU_noES,226718.4219,,,,,
ETH,RealGDPvalch,BAU_noES,26952.33594,,,,,
EU27,RealGDPvalch,BAU_noES,3293492.5,,,,,
IDN,RealGDPvalch,BAU_noES,313033,,,,,
INDIA,RealGDPvalch,BAU_noES,1536877.375,,,,,
JAPAN,RealGDPvalch,BAU_noES,625425.5,,,,,
KOR,RealGDPvalch,BAU_noES,605180,,,,,
MAR,RealGDPvalch,BAU_noES,43275.5625,,,,,
MDG,RealGDPvalch,BAU_noES,3247.065918,,,,,
MEAS_NAfr,RealGDPvalch,BAU_noES,789719.375,,,,,
MEX,RealGDPvalch,BAU_noES,406752.875,,,,,
MYS,RealGDPvalch,BAU_noES,155031.125,,,,,
NGA,RealGDPvalch,BAU_noES,630810.0625,,,,,
Oceania,RealGDPvalch,BAU_noES,657461.75,,,,,
Oth_CEE_CIS,RealGDPvalch,BAU_noES,535318.875,,,,,
Oth_Europe,RealGDPvalch,BAU_noES,246214.6563,,,,,
PAK,RealGDPvalch,BAU_noES,97277.23438,,,,,
PHL,RealGDPvalch,BAU_noES,198752.75,,,,,
POL,RealGDPvalch,BAU_noES,262374.125,,,,,
R_S_Asia,RealGDPvalch,BAU_noES,60053.45703,,,,,
R_SE_Asia,RealGDPvalch,BAU_noES,329551.6563,,,,,
Russia,RealGDPvalch,BAU_noES,864231.6875,,,,,
S_o_Amer,RealGDPvalch,BAU_noES,364241.0313,,,,,
S_S_AFR,RealGDPvalch,BAU_noES,402532.5313,,,,,
TUR,RealGDPvalch,BAU_noES,455942.9063,,,,,
USA,RealGDPvalch,BAU_noES,3192594,,,,,
VNM,RealGDPvalch,BAU_noES,116734.7422,,,,,
XAC,RealGDPvalch,BAU_noES,159418.9531,,,,,
ZAF,RealGDPvalch,BAU_noES,139826.0469,,,,,
World,RealGDPvalch,BAU_noES,28776048,,,,,
ARG,NomGDPvalch,BAU_noES,62342.8125,,,,,
BGD,NomGDPvalch,BAU_noES,78530.15625,,,,,
BRAZIL,NomGDPvalch,BAU_noES,456254,,,,,
C_C_Amer,NomGDPvalch,BAU_noES,93914.625,,,,,
CAN,NomGDPvalch,BAU_noES,551258.125,,,,,
CHIHKG,NomGDPvalch,BAU_noES,4580844,,,,,
COL,NomGDPvalch,BAU_noES,134803.2188,,,,,
E_Asia,NomGDPvalch,BAU_noES,52867.8125,,,,,
EGY,NomGDPvalch,BAU_noES,151979.125,,,,,
ETH,NomGDPvalch,BAU_noES,27498.64844,,,,,
EU27,NomGDPvalch,BAU_noES,733178,,,,,
IDN,NomGDPvalch,BAU_noES,159929.375,,,,,
INDIA,NomGDPvalch,BAU_noES,333730,,,,,
JAPAN,NomGDPvalch,BAU_noES,-233965.5,,,,,
KOR,NomGDPvalch,BAU_noES,121681.75,,,,,
MAR,NomGDPvalch,BAU_noES,20918.53906,,,,,
MDG,NomGDPvalch,BAU_noES,5541.763672,,,,,
MEAS_NAfr,NomGDPvalch,BAU_noES,1207783.25,,,,,
MEX,NomGDPvalch,BAU_noES,200342.75,,,,,
MYS,NomGDPvalch,BAU_noES,91167.03125,,,,,
NGA,NomGDPvalch,BAU_noES,708790.3125,,,,,
Oceania,NomGDPvalch,BAU_noES,896841.125,,,,,
Oth_CEE_CIS,NomGDPvalch,BAU_noES,398934.875,,,,,
Oth_Europe,NomGDPvalch,BAU_noES,220533.75,,,,,
PAK,NomGDPvalch,BAU_noES,-1917.78125,,,,,
PHL,NomGDPvalch,BAU_noES,127786.6875,,,,,
POL,NomGDPvalch,BAU_noES,110528.0625,,,,,
R_S_Asia,NomGDPvalch,BAU_noES,36147.90625,,,,,
R_SE_Asia,NomGDPvalch,BAU_noES,54531.3125,,,,,
Russia,NomGDPvalch,BAU_noES,1165876.5,,,,,
S_o_Amer,NomGDPvalch,BAU_noES,353758.75,,,,,
S_S_AFR,NomGDPvalch,BAU_noES,368202.875,,,,,
TUR,NomGDPvalch,BAU_noES,175025.1875,,,,,
USA,NomGDPvalch,BAU_noES,1792412,,,,,
VNM,NomGDPvalch,BAU_noES,93290.79688,,,,,
XAC,NomGDPvalch,BAU_noES,244557.0625,,,,,
ZAF,NomGDPvalch,BAU_noES,75008.6875,,,,,
World,NomGDPvalch,BAU_noES,15650908,,,,,
ARG,GDPpct,BAU_aES,7.63E-03,,,,,
BGD,GDPpct,BAU_aES,-2.081380844,,,,,
BRAZIL,GDPpct,BAU_aES,-0.044694044,,,,,
C_C_Amer,GDPpct,BAU_aES,-0.179582819,,,,,
CAN,GDPpct,BAU_aES,4.22E-03,,,,,
CHIHKG,GDPpct,BAU_aES,-0.293082386,,,,,
COL,GDPpct,BAU_aES,0.050142564,,,,,
E_Asia,GDPpct,BAU_aES,0.011054211,,,,,
EGY,GDPpct,BAU_aES,-0.544224024,,,,,
ETH,GDPpct,BAU_aES,-0.325326651,,,,,
EU27,GDPpct,BAU_aES,1.76E-03,,,,,
IDN,GDPpct,BAU_aES,-0.357740372,,,,,
INDIA,GDPpct,BAU_aES,-0.17929405,,,,,
JAPAN,GDPpct,BAU_aES,-0.039166406,,,,,
KOR,GDPpct,BAU_aES,-0.111006759,,,,,
MAR,GDPpct,BAU_aES,0.247642651,,,,,
MDG,GDPpct,BAU_aES,-1.055450797,,,,,
MEAS_NAfr,GDPpct,BAU_aES,0.073612675,,,,,
MEX,GDPpct,BAU_aES,8.71E-03,,,,,
MYS,GDPpct,BAU_aES,-0.371893048,,,,,
NGA,GDPpct,BAU_aES,-0.077327624,,,,,
Oceania,GDPpct,BAU_aES,0.082170509,,,,,
Oth_CEE_CIS,GDPpct,BAU_aES,-0.021261498,,,,,
Oth_Europe,GDPpct,BAU_aES,-0.069630347,,,,,
PAK,GDPpct,BAU_aES,0.19437851,,,,,
PHL,GDPpct,BAU_aES,0.262081593,,,,,
POL,GDPpct,BAU_aES,-0.086878978,,,,,
R_S_Asia,GDPpct,BAU_aES,-0.514660656,,,,,
R_SE_Asia,GDPpct,BAU_aES,-0.162996903,,,,,
Russia,GDPpct,BAU_aES,0.060096152,,,,,
S_o_Amer,GDPpct,BAU_aES,-0.071038194,,,,,
S_S_AFR,GDPpct,BAU_aES,0.032336526,,,,,
TUR,GDPpct,BAU_aES,-0.072385348,,,,,
USA,GDPpct,BAU_aES,-7.07E-03,,,,,
VNM,GDPpct,BAU_aES,-0.09137255,,,,,
XAC,GDPpct,BAU_aES,1.263840079,,,,,
ZAF,GDPpct,BAU_aES,-0.016935775,,,,,
World,GDPpct,BAU_aES,-0.071944684,,,,,
ARG,RealGDPvalch,BAU_aES,51.15755081,,,,,
BGD,RealGDPvalch,BAU_aES,-6042.270996,,,,,
BRAZIL,RealGDPvalch,BAU_aES,-1415.441406,,,,,
C_C_Amer,RealGDPvalch,BAU_aES,-1318.317139,,,,,
CAN,RealGDPvalch,BAU_aES,109.7067184,,,,,
CHIHKG,RealGDPvalch,BAU_aES,-55776.125,,,,,
COL,RealGDPvalch,BAU_aES,279.759552,,,,,
E_Asia,RealGDPvalch,BAU_aES,18.22593308,,,,,
EGY,RealGDPvalch,BAU_aES,-2969.883301,,,,,
ETH,RealGDPvalch,BAU_aES,-314.1332703,,,,,
EU27,RealGDPvalch,BAU_aES,343.7969971,,,,,
IDN,RealGDPvalch,BAU_aES,-4165.214356,,,,,
INDIA,RealGDPvalch,BAU_aES,-5123.680176,,,,,
JAPAN,RealGDPvalch,BAU_aES,-1731.593506,,,,,
KOR,RealGDPvalch,BAU_aES,-1935.73584,,,,,
MAR,RealGDPvalch,BAU_aES,366.1508789,,,,,
MDG,RealGDPvalch,BAU_aES,-196.3470154,,,,,
MEAS_NAfr,RealGDPvalch,BAU_aES,3441.251953,,,,,
MEX,RealGDPvalch,BAU_aES,141.9941406,,,,,
MYS,RealGDPvalch,BAU_aES,-1815.220459,,,,,
NGA,RealGDPvalch,BAU_aES,-1192.333008,,,,,
Oceania,RealGDPvalch,BAU_aES,2421.720703,,,,,
Oth_CEE_CIS,RealGDPvalch,BAU_aES,-311.1834106,,,,,
Oth_Europe,RealGDPvalch,BAU_aES,-1080.488892,,,,,
PAK,RealGDPvalch,BAU_aES,502.6934509,,,,,
PHL,RealGDPvalch,BAU_aES,1294.739746,,,,,
POL,RealGDPvalch,BAU_aES,-651.5635376,,,,,
R_S_Asia,RealGDPvalch,BAU_aES,-961.3596191,,,,,
R_SE_Asia,RealGDPvalch,BAU_aES,-1592.787354,,,,,
Russia,RealGDPvalch,BAU_aES,2168.540772,,,,,
S_o_Amer,RealGDPvalch,BAU_aES,-1223.880615,,,,,
S_S_AFR,RealGDPvalch,BAU_aES,369.0573425,,,,,
TUR,RealGDPvalch,BAU_aES,-821.4470825,,,,,
USA,RealGDPvalch,BAU_aES,-1448.979858,,,,,
VNM,RealGDPvalch,BAU_aES,-299.3630981,,,,,
XAC,RealGDPvalch,BAU_aES,6054.910156,,,,,
ZAF,RealGDPvalch,BAU_aES,-80.71789551,,,,,
World,RealGDPvalch,BAU_aES,-74904.35938,,,,,
ARG,NomGDPvalch,BAU_aES,-1176.6875,,,,,
BGD,NomGDPvalch,BAU_aES,10078.15625,,,,,
BRAZIL,NomGDPvalch,BAU_aES,-182.75,,,,,
C_C_Amer,NomGDPvalch,BAU_aES,-4465.5625,,,,,
CAN,NomGDPvalch,BAU_aES,15087.75,,,,,
CHIHKG,NomGDPvalch,BAU_aES,-87860,,,,,
COL,NomGDPvalch,BAU_aES,6300.3125,,,,,
E_Asia,NomGDPvalch,BAU_aES,393.140625,,,,,
EGY,NomGDPvalch,BAU_aES,-2342.4375,,,,,
ETH,NomGDPvalch,BAU_aES,1633.234375,,,,,
EU27,NomGDPvalch,BAU_aES,-34610,,,,,
IDN,NomGDPvalch,BAU_aES,-4701.875,,,,,
INDIA,NomGDPvalch,BAU_aES,-37136,,,,,
JAPAN,NomGDPvalch,BAU_aES,-27085.5,,,,,
KOR,NomGDPvalch,BAU_aES,-15757.5,,,,,
MAR,NomGDPvalch,BAU_aES,-372.53125,,,,,
MDG,NomGDPvalch,BAU_aES,94.59960938,,,,,
MEAS_NAfr,NomGDPvalch,BAU_aES,74059.5,,,,,
MEX,NomGDPvalch,BAU_aES,3196.5,,,,,
MYS,NomGDPvalch,BAU_aES,514.03125,,,,,
NGA,NomGDPvalch,BAU_aES,20915.75,,,,,
Oceania,NomGDPvalch,BAU_aES,38858.5,,,,,
Oth_CEE_CIS,NomGDPvalch,BAU_aES,6705.375,,,,,
Oth_Europe,NomGDPvalch,BAU_aES,6966.875,,,,,
PAK,NomGDPvalch,BAU_aES,-446.140625,,,,,
PHL,NomGDPvalch,BAU_aES,330.5625,,,,,
POL,NomGDPvalch,BAU_aES,-2945.25,,,,,
R_S_Asia,NomGDPvalch,BAU_aES,-688.203125,,,,,
R_SE_Asia,NomGDPvalch,BAU_aES,-7155.75,,,,,
Russia,NomGDPvalch,BAU_aES,56268.5,,,,,
S_o_Amer,NomGDPvalch,BAU_aES,9017.75,,,,,
S_S_AFR,NomGDPvalch,BAU_aES,7118,,,,,
TUR,NomGDPvalch,BAU_aES,-5811.375,,,,,
USA,NomGDPvalch,BAU_aES,-14488,,,,,
VNM,NomGDPvalch,BAU_aES,1592.46875,,,,,
XAC,NomGDPvalch,BAU_aES,16271.8125,,,,,
ZAF,NomGDPvalch,BAU_aES,269.8125,,,,,
World,NomGDPvalch,BAU_aES,28447.06836,,,,,
ARG,GDPpct,GlOBPES,0.030501291,,,,,
BGD,GDPpct,GlOBPES,-0.062234044,,,,,
BRAZIL,GDPpct,GlOBPES,0.01150051,,,,,
C_C_Amer,GDPpct,GlOBPES,0.026370311,,,,,
CAN,GDPpct,GlOBPES,-7.56E-03,,,,,
CHIHKG,GDPpct,GlOBPES,0.028817428,,,,,
COL,GDPpct,GlOBPES,0.012412416,,,,,
E_Asia,GDPpct,GlOBPES,-0.013510327,,,,,
EGY,GDPpct,GlOBPES,0.267048568,,,,,
ETH,GDPpct,GlOBPES,0.013274909,,,,,
EU27,GDPpct,GlOBPES,8.75E-04,,,,,
IDN,GDPpct,GlOBPES,-0.220382825,,,,,
INDIA,GDPpct,GlOBPES,0.055569578,,,,,
JAPAN,GDPpct,GlOBPES,5.00E-03,,,,,
KOR,GDPpct,GlOBPES,6.75E-03,,,,,
MAR,GDPpct,GlOBPES,0.070199743,,,,,
MDG,GDPpct,GlOBPES,0.070495851,,,,,
MEAS_NAfr,GDPpct,GlOBPES,0.066540673,,,,,
MEX,GDPpct,GlOBPES,1.23E-03,,,,,
MYS,GDPpct,GlOBPES,-0.086111389,,,,,
NGA,GDPpct,GlOBPES,-0.015630739,,,,,
Oceania,GDPpct,GlOBPES,4.73E-03,,,,,
Oth_CEE_CIS,GDPpct,GlOBPES,0.034636367,,,,,
Oth_Europe,GDPpct,GlOBPES,3.95E-03,,,,,
PAK,GDPpct,GlOBPES,-0.0178375,,,,,
PHL,GDPpct,GlOBPES,0.028851805,,,,,
POL,GDPpct,GlOBPES,0.081788972,,,,,
R_S_Asia,GDPpct,GlOBPES,0.020400379,,,,,
R_SE_Asia,GDPpct,GlOBPES,1.44E-03,,,,,
Russia,GDPpct,GlOBPES,0.015155511,,,,,
S_o_Amer,GDPpct,GlOBPES,0.031058537,,,,,
S_S_AFR,GDPpct,GlOBPES,-0.070013613,,,,,
TUR,GDPpct,GlOBPES,0.012337774,,,,,
USA,GDPpct,GlOBPES,7.99E-03,,,,,
VNM,GDPpct,GlOBPES,4.59E-03,,,,,
XAC,GDPpct,GlOBPES,-0.014761443,,,,,
ZAF,GDPpct,GlOBPES,-0.015087526,,,,,
World,GDPpct,GlOBPES,0.012389902,,,,,
ARG,RealGDPvalch,GlOBPES,204.0232544,,,,,
BGD,RealGDPvalch,GlOBPES,-186.9381561,,,,,
BRAZIL,RealGDPvalch,GlOBPES,364.195282,,,,,
C_C_Amer,RealGDPvalch,GlOBPES,192.4068298,,,,,
CAN,RealGDPvalch,GlOBPES,-197.8558655,,,,,
CHIHKG,RealGDPvalch,GlOBPES,5458.887695,,,,,
COL,RealGDPvalch,GlOBPES,70.03440094,,,,,
E_Asia,RealGDPvalch,GlOBPES,-22.32863808,,,,,
EGY,RealGDPvalch,GlOBPES,1451.054443,,,,,
ETH,RealGDPvalch,GlOBPES,13.03497505,,,,,
EU27,RealGDPvalch,GlOBPES,170.8525543,,,,,
IDN,RealGDPvalch,GlOBPES,-2555.582031,,,,,
INDIA,RealGDPvalch,GlOBPES,1567.373779,,,,,
JAPAN,RealGDPvalch,GlOBPES,219.9103088,,,,,
KOR,RealGDPvalch,GlOBPES,116.5823364,,,,,
MAR,RealGDPvalch,GlOBPES,103.5319977,,,,,
MDG,RealGDPvalch,GlOBPES,13.18113232,,,,,
MEAS_NAfr,RealGDPvalch,GlOBPES,3159.929199,,,,,
MEX,RealGDPvalch,GlOBPES,20.05957031,,,,,
MYS,RealGDPvalch,GlOBPES,-420.7547607,,,,,
NGA,RealGDPvalch,GlOBPES,-244.2833862,,,,,
Oceania,RealGDPvalch,GlOBPES,141.3742523,,,,,
Oth_CEE_CIS,RealGDPvalch,GlOBPES,509.2605896,,,,,
Oth_Europe,RealGDPvalch,GlOBPES,61.57164764,,,,,
PAK,RealGDPvalch,GlOBPES,-46.05100632,,,,,
PHL,RealGDPvalch,GlOBPES,142.6295319,,,,,
POL,RealGDPvalch,GlOBPES,610.9812622,,,,,
R_S_Asia,RealGDPvalch,GlOBPES,37.966465,,,,,
R_SE_Asia,RealGDPvalch,GlOBPES,13.93341827,,,,,
Russia,RealGDPvalch,GlOBPES,555.4071655,,,,,
S_o_Amer,RealGDPvalch,GlOBPES,537.892334,,,,,
S_S_AFR,RealGDPvalch,GlOBPES,-804.0501709,,,,,
TUR,RealGDPvalch,GlOBPES,139.295166,,,,,
USA,RealGDPvalch,GlOBPES,1635.564331,,,,,
VNM,RealGDPvalch,GlOBPES,15.10665226,,,,,
XAC,RealGDPvalch,GlOBPES,-73.12231445,,,,,
ZAF,RealGDPvalch,GlOBPES,-71.94963074,,,,,
World,RealGDPvalch,GlOBPES,12903.125,,,,,
ARG,NomGDPvalch,GlOBPES,364.625,,,,,
BGD,NomGDPvalch,GlOBPES,70.78125,,,,,
BRAZIL,NomGDPvalch,GlOBPES,-1074,,,,,
C_C_Amer,NomGDPvalch,GlOBPES,-124.5625,,,,,
CAN,NomGDPvalch,GlOBPES,-2298.25,,,,,
CHIHKG,NomGDPvalch,GlOBPES,5434,,,,,
COL,NomGDPvalch,GlOBPES,372.25,,,,,
E_Asia,NomGDPvalch,GlOBPES,95.453125,,,,,
EGY,NomGDPvalch,GlOBPES,800.6875,,,,,
ETH,NomGDPvalch,GlOBPES,-216.3359375,,,,,
EU27,NomGDPvalch,GlOBPES,-6540,,,,,
IDN,NomGDPvalch,GlOBPES,7432.875,,,,,
INDIA,NomGDPvalch,GlOBPES,-25.5,,,,,
JAPAN,NomGDPvalch,GlOBPES,-1724,,,,,
KOR,NomGDPvalch,GlOBPES,-724,,,,,
MAR,NomGDPvalch,GlOBPES,-290.109375,,,,,
MDG,NomGDPvalch,GlOBPES,3.041015625,,,,,
MEAS_NAfr,NomGDPvalch,GlOBPES,1912,,,,,
MEX,NomGDPvalch,GlOBPES,325.5,,,,,
MYS,NomGDPvalch,GlOBPES,-65.8125,,,,,
NGA,NomGDPvalch,GlOBPES,1263.25,,,,,
Oceania,NomGDPvalch,GlOBPES,-1689,,,,,
Oth_CEE_CIS,NomGDPvalch,GlOBPES,-111,,,,,
Oth_Europe,NomGDPvalch,GlOBPES,419.125,,,,,
PAK,NomGDPvalch,GlOBPES,-159.046875,,,,,
PHL,NomGDPvalch,GlOBPES,-36.75,,,,,
POL,NomGDPvalch,GlOBPES,507.4375,,,,,
R_S_Asia,NomGDPvalch,GlOBPES,-78.015625,,,,,
R_SE_Asia,NomGDPvalch,GlOBPES,-78.875,,,,,
Russia,NomGDPvalch,GlOBPES,2497,,,,,
S_o_Amer,NomGDPvalch,GlOBPES,223.125,,,,,
S_S_AFR,NomGDPvalch,GlOBPES,2242.25,,,,,
TUR,NomGDPvalch,GlOBPES,-195.5,,,,,
USA,NomGDPvalch,GlOBPES,-13964,,,,,
VNM,NomGDPvalch,GlOBPES,35.875,,,,,
XAC,NomGDPvalch,GlOBPES,3114.375,,,,,
ZAF,NomGDPvalch,GlOBPES,9.59375,,,,,
World,NomGDPvalch,GlOBPES,-2271.513672,,,,,
ARG,GDPpct,NATPES,0.029144656,,,,,
BGD,GDPpct,NATPES,-0.057751503,,,,,
BRAZIL,GDPpct,NATPES,9.38E-03,,,,,
C_C_Amer,GDPpct,NATPES,0.024872653,,,,,
CAN,GDPpct,NATPES,-3.90E-03,,,,,
CHIHKG,GDPpct,NATPES,0.028956069,,,,,
COL,GDPpct,NATPES,0.012721234,,,,,
E_Asia,GDPpct,NATPES,8.04E-03,,,,,
EGY,GDPpct,NATPES,0.263212472,,,,,
ETH,GDPpct,NATPES,0.037401691,,,,,
EU27,GDPpct,NATPES,6.05E-03,,,,,
IDN,GDPpct,NATPES,0.038861331,,,,,
INDIA,GDPpct,NATPES,0.059101973,,,,,
JAPAN,GDPpct,NATPES,6.14E-03,,,,,
KOR,GDPpct,NATPES,9.35E-03,,,,,
MAR,GDPpct,NATPES,0.070193484,,,,,
MDG,GDPpct,NATPES,0.081679925,,,,,
MEAS_NAfr,GDPpct,NATPES,0.065311767,,,,,
MEX,GDPpct,NATPES,-2.53E-03,,,,,
MYS,GDPpct,NATPES,-0.05909038,,,,,
NGA,GDPpct,NATPES,-0.011388038,,,,,
Oceania,GDPpct,NATPES,8.70E-03,,,,,
Oth_CEE_CIS,GDPpct,NATPES,0.033821844,,,,,
Oth_Europe,GDPpct,NATPES,3.88E-03,,,,,
PAK,GDPpct,NATPES,-0.038850274,,,,,
PHL,GDPpct,NATPES,0.028437909,,,,,
POL,GDPpct,NATPES,0.081533805,,,,,
R_S_Asia,GDPpct,NATPES,0.016401064,,,,,
R_SE_Asia,GDPpct,NATPES,7.28E-03,,,,,
Russia,GDPpct,NATPES,0.015551342,,,,,
S_o_Amer,GDPpct,NATPES,0.032054048,,,,,
S_S_AFR,GDPpct,NATPES,-0.045952272,,,,,
TUR,GDPpct,NATPES,0.012887734,,,,,
USA,GDPpct,NATPES,9.99E-03,,,,,
VNM,GDPpct,NATPES,6.43E-03,,,,,
XAC,GDPpct,NATPES,0.032526724,,,,,
ZAF,GDPpct,NATPES,-3.21E-03,,,,,
World,GDPpct,NATPES,0.017669335,,,,,
ARG,RealGDPvalch,NATPES,194.9487152,,,,,
BGD,RealGDPvalch,NATPES,-173.4735413,,,,,
BRAZIL,RealGDPvalch,NATPES,297.0329285,,,,,
C_C_Amer,RealGDPvalch,NATPES,181.4794006,,,,,
CAN,RealGDPvalch,NATPES,-102.0924072,,,,,
CHIHKG,RealGDPvalch,NATPES,5485.150391,,,,,
COL,RealGDPvalch,NATPES,71.77684021,,,,,
E_Asia,RealGDPvalch,NATPES,13.29591942,,,,,
EGY,RealGDPvalch,NATPES,1430.210449,,,,,
ETH,RealGDPvalch,NATPES,36.72568512,,,,,
EU27,RealGDPvalch,NATPES,1181.57544,,,,,
IDN,RealGDPvalch,NATPES,450.6400452,,,,,
INDIA,RealGDPvalch,NATPES,1667.00708,,,,,
JAPAN,RealGDPvalch,NATPES,269.7343445,,,,,
KOR,RealGDPvalch,NATPES,161.605484,,,,,
MAR,RealGDPvalch,NATPES,103.5227661,,,,,
MDG,RealGDPvalch,NATPES,15.27230167,,,,,
MEAS_NAfr,RealGDPvalch,NATPES,3101.569824,,,,,
MEX,RealGDPvalch,NATPES,-41.3411026,,,,,
MYS,RealGDPvalch,NATPES,-288.7255554,,,,,
NGA,RealGDPvalch,NATPES,-177.9767761,,,,,
Oceania,RealGDPvalch,NATPES,259.6412048,,,,,
Oth_CEE_CIS,RealGDPvalch,NATPES,497.2846069,,,,,
Oth_Europe,RealGDPvalch,NATPES,60.54259872,,,,,
PAK,RealGDPvalch,NATPES,-100.2996063,,,,,
PHL,RealGDPvalch,NATPES,140.5834198,,,,,
POL,RealGDPvalch,NATPES,609.0750732,,,,,
R_S_Asia,RealGDPvalch,NATPES,30.52346993,,,,,
R_SE_Asia,RealGDPvalch,NATPES,70.60353088,,,,,
Russia,RealGDPvalch,NATPES,569.913269,,,,,
S_o_Amer,RealGDPvalch,NATPES,555.1332398,,,,,
S_S_AFR,RealGDPvalch,NATPES,-527.7249756,,,,,
TUR,RealGDPvalch,NATPES,145.5042877,,,,,
USA,RealGDPvalch,NATPES,2045.552612,,,,,
VNM,RealGDPvalch,NATPES,21.15861893,,,,,
XAC,RealGDPvalch,NATPES,161.1244202,,,,,
ZAF,RealGDPvalch,NATPES,-15.30861187,,,,,
World,RealGDPvalch,NATPES,18401.24609,,,,,
ARG,NomGDPvalch,NATPES,-89.6875,,,,,
BGD,NomGDPvalch,NATPES,86.4375,,,,,
BRAZIL,NomGDPvalch,NATPES,-2498,,,,,
C_C_Amer,NomGDPvalch,NATPES,-217.8125,,,,,
CAN,NomGDPvalch,NATPES,-273.5,,,,,
CHIHKG,NomGDPvalch,NATPES,4410,,,,,
COL,NomGDPvalch,NATPES,367.8125,,,,,
E_Asia,NomGDPvalch,NATPES,51.34375,,,,,
EGY,NomGDPvalch,NATPES,752.0625,,,,,
ETH,NomGDPvalch,NATPES,-451.953125,,,,,
EU27,NomGDPvalch,NATPES,616,,,,,
IDN,NomGDPvalch,NATPES,1126.875,,,,,
INDIA,NomGDPvalch,NATPES,-1394.25,,,,,
JAPAN,NomGDPvalch,NATPES,-389.5,,,,,
KOR,NomGDPvalch,NATPES,-708.375,,,,,
MAR,NomGDPvalch,NATPES,-328.703125,,,,,
MDG,NomGDPvalch,NATPES,-9.95703125,,,,,
MEAS_NAfr,NomGDPvalch,NATPES,3031,,,,,
MEX,NomGDPvalch,NATPES,-430.375,,,,,
MYS,NomGDPvalch,NATPES,-281.15625,,,,,
NGA,NomGDPvalch,NATPES,1627.375,,,,,
Oceania,NomGDPvalch,NATPES,665.25,,,,,
Oth_CEE_CIS,NomGDPvalch,NATPES,-227.75,,,,,
Oth_Europe,NomGDPvalch,NATPES,582.25,,,,,
PAK,NomGDPvalch,NATPES,-326.578125,,,,,
PHL,NomGDPvalch,NATPES,-76.75,,,,,
POL,NomGDPvalch,NATPES,512.5,,,,,
R_S_Asia,NomGDPvalch,NATPES,-116.40625,,,,,
R_SE_Asia,NomGDPvalch,NATPES,-301.5,,,,,
Russia,NomGDPvalch,NATPES,2827.5,,,,,
S_o_Amer,NomGDPvalch,NATPES,178.75,,,,,
S_S_AFR,NomGDPvalch,NATPES,-1117.125,,,,,
TUR,NomGDPvalch,NATPES,-274.125,,,,,
USA,NomGDPvalch,NATPES,-626,,,,,
VNM,NomGDPvalch,NATPES,60.4375,,,,,
XAC,NomGDPvalch,NATPES,78.53125,,,,,
ZAF,NomGDPvalch,NATPES,-226.84375,,,,,
World,NomGDPvalch,NATPES,6607.777344,,,,,
ARG,GDPpct,SRLand,0.032156207,,,,,
BGD,GDPpct,SRLand,-0.062781967,,,,,
BRAZIL,GDPpct,SRLand,0.01404307,,,,,
C_C_Amer,GDPpct,SRLand,0.046769239,,,,,
CAN,GDPpct,SRLand,-6.11E-03,,,,,
CHIHKG,GDPpct,SRLand,0.030011894,,,,,
COL,GDPpct,SRLand,0.012717835,,,,,
E_Asia,GDPpct,SRLand,7.61E-03,,,,,
EGY,GDPpct,SRLand,0.265069932,,,,,
ETH,GDPpct,SRLand,0.03840863,,,,,
EU27,GDPpct,SRLand,9.70E-03,,,,,
IDN,GDPpct,SRLand,0.065754101,,,,,
INDIA,GDPpct,SRLand,0.082684584,,,,,
JAPAN,GDPpct,SRLand,0.01484189,,,,,
KOR,GDPpct,SRLand,0.015840176,,,,,
MAR,GDPpct,SRLand,0.07196638,,,,,
MDG,GDPpct,SRLand,0.07398016,,,,,
MEAS_NAfr,GDPpct,SRLand,0.073004946,,,,,
MEX,GDPpct,SRLand,0.010370839,,,,,
MYS,GDPpct,SRLand,0.027235564,,,,,
NGA,GDPpct,SRLand,-0.016353138,,,,,
Oceania,GDPpct,SRLand,8.31E-03,,,,,
Oth_CEE_CIS,GDPpct,SRLand,0.054350588,,,,,
Oth_Europe,GDPpct,SRLand,0.058913324,,,,,
PAK,GDPpct,SRLand,-0.011918461,,,,,
PHL,GDPpct,SRLand,0.035998039,,,,,
POL,GDPpct,SRLand,0.078757823,,,,,
R_S_Asia,GDPpct,SRLand,0.222419739,,,,,
R_SE_Asia,GDPpct,SRLand,0.010799112,,,,,
Russia,GDPpct,SRLand,0.01598092,,,,,
S_o_Amer,GDPpct,SRLand,0.032898847,,,,,
S_S_AFR,GDPpct,SRLand,-9.13E-03,,,,,
TUR,GDPpct,SRLand,0.01422001,,,,,
USA,GDPpct,SRLand,0.01263233,,,,,
VNM,GDPpct,SRLand,1.19E-03,,,,,
XAC,GDPpct,SRLand,0.014200268,,,,,
ZAF,GDPpct,SRLand,-3.44E-03,,,,,
World,GDPpct,SRLand,0.023547443,,,,,
ARG,RealGDPvalch,SRLand,215.0929718,,,,,
BGD,RealGDPvalch,SRLand,-188.5839996,,,,,
BRAZIL,RealGDPvalch,SRLand,444.7124329,,,,,
C_C_Amer,RealGDPvalch,SRLand,341.2443848,,,,,
CAN,RealGDPvalch,SRLand,-159.8236084,,,,,
CHIHKG,RealGDPvalch,SRLand,5685.155273,,,,,
COL,RealGDPvalch,SRLand,71.75765991,,,,,
E_Asia,RealGDPvalch,SRLand,12.57915592,,,,,
EGY,RealGDPvalch,SRLand,1440.303223,,,,,
ETH,RealGDPvalch,SRLand,37.71442413,,,,,
EU27,RealGDPvalch,SRLand,1893.314453,,,,,
IDN,RealGDPvalch,SRLand,762.491333,,,,,
INDIA,RealGDPvalch,SRLand,2332.168945,,,,,
JAPAN,RealGDPvalch,SRLand,652.1575928,,,,,
KOR,RealGDPvalch,SRLand,273.7249756,,,,,
MAR,RealGDPvalch,SRLand,106.1374664,,,,,
MDG,RealGDPvalch,SRLand,13.83261967,,,,,
MEAS_NAfr,RealGDPvalch,SRLand,3466.908936,,,,,
MEX,RealGDPvalch,SRLand,169.488678,,,,,
MYS,RealGDPvalch,SRLand,133.0775452,,,,,
NGA,RealGDPvalch,SRLand,-255.5733185,,,,,
Oceania,RealGDPvalch,SRLand,248.2311859,,,,,
Oth_CEE_CIS,RealGDPvalch,SRLand,799.1199341,,,,,
Oth_Europe,RealGDPvalch,SRLand,918.2918701,,,,,
PAK,RealGDPvalch,SRLand,-30.76984596,,,,,
PHL,RealGDPvalch,SRLand,177.9570923,,,,,
POL,RealGDPvalch,SRLand,588.3379517,,,,,
R_S_Asia,RealGDPvalch,SRLand,413.9379273,,,,,
R_SE_Asia,RealGDPvalch,SRLand,104.7549439,,,,,
Russia,RealGDPvalch,SRLand,585.6560669,,,,,
S_o_Amer,RealGDPvalch,SRLand,569.7640381,,,,,
S_S_AFR,RealGDPvalch,SRLand,-104.8532562,,,,,
TUR,RealGDPvalch,SRLand,160.5458679,,,,,
USA,RealGDPvalch,SRLand,2586.147949,,,,,
VNM,RealGDPvalch,SRLand,3.903805971,,,,,
XAC,RealGDPvalch,SRLand,70.34246826,,,,,
ZAF,RealGDPvalch,SRLand,-16.41018105,,,,,
World,RealGDPvalch,SRLand,24522.83984,,,,,
ARG,NomGDPvalch,SRLand,1483.5,,,,,
BGD,NomGDPvalch,SRLand,290.53125,,,,,
BRAZIL,NomGDPvalch,SRLand,1844.5,,,,,
C_C_Amer,NomGDPvalch,SRLand,1832.3125,,,,,
CAN,NomGDPvalch,SRLand,2145.5,,,,,
CHIHKG,NomGDPvalch,SRLand,25088,,,,,
COL,NomGDPvalch,SRLand,1203.0625,,,,,
E_Asia,NomGDPvalch,SRLand,245.125,,,,,
EGY,NomGDPvalch,SRLand,1369.5625,,,,,
ETH,NomGDPvalch,SRLand,-160.8671875,,,,,
EU27,NomGDPvalch,SRLand,22254,,,,,
IDN,NomGDPvalch,SRLand,2591.125,,,,,
INDIA,NomGDPvalch,SRLand,2753.25,,,,,
JAPAN,NomGDPvalch,SRLand,3436.5,,,,,
KOR,NomGDPvalch,SRLand,1357.875,,,,,
MAR,NomGDPvalch,SRLand,-106.640625,,,,,
MDG,NomGDPvalch,SRLand,14.47265625,,,,,
MEAS_NAfr,NomGDPvalch,SRLand,6902.5,,,,,
MEX,NomGDPvalch,SRLand,1881.25,,,,,
MYS,NomGDPvalch,SRLand,639.1875,,,,,
NGA,NomGDPvalch,SRLand,3004.625,,,,,
Oceania,NomGDPvalch,SRLand,4804.5,,,,,
Oth_CEE_CIS,NomGDPvalch,SRLand,579.375,,,,,
Oth_Europe,NomGDPvalch,SRLand,2091.25,,,,,
PAK,NomGDPvalch,SRLand,126.875,,,,,
PHL,NomGDPvalch,SRLand,628.40625,,,,,
POL,NomGDPvalch,SRLand,1467.4375,,,,,
R_S_Asia,NomGDPvalch,SRLand,440.359375,,,,,
R_SE_Asia,NomGDPvalch,SRLand,792.5625,,,,,
Russia,NomGDPvalch,SRLand,7545,,,,,
S_o_Amer,NomGDPvalch,SRLand,2606.875,,,,,
S_S_AFR,NomGDPvalch,SRLand,2000.625,,,,,
TUR,NomGDPvalch,SRLand,93.375,,,,,
USA,NomGDPvalch,SRLand,23774,,,,,
VNM,NomGDPvalch,SRLand,403.53125,,,,,
XAC,NomGDPvalch,SRLand,692.78125,,,,,
ZAF,NomGDPvalch,SRLand,420.25,,,,,
World,NomGDPvalch,SRLand,128536.5781,,,,,
ARG,GDPpct,SRnD20,0.029424826,,,,,
BGD,GDPpct,SRnD20,0.140002534,,,,,
BRAZIL,GDPpct,SRnD20,0.023581453,,,,,
C_C_Amer,GDPpct,SRnD20,0.306563556,,,,,
CAN,GDPpct,SRnD20,2.41E-03,,,,,
CHIHKG,GDPpct,SRnD20,0.134940147,,,,,
COL,GDPpct,SRnD20,0.023849526,,,,,
E_Asia,GDPpct,SRnD20,0.121706642,,,,,
EGY,GDPpct,SRnD20,0.427984536,,,,,
ETH,GDPpct,SRnD20,0.790617049,,,,,
EU27,GDPpct,SRnD20,0.019120213,,,,,
IDN,GDPpct,SRnD20,0.433049291,,,,,
INDIA,GDPpct,SRnD20,0.086397819,,,,,
JAPAN,GDPpct,SRnD20,0.018558757,,,,,
KOR,GDPpct,SRnD20,0.021239802,,,,,
MAR,GDPpct,SRnD20,0.191921711,,,,,
MDG,GDPpct,SRnD20,0.112604156,,,,,
MEAS_NAfr,GDPpct,SRnD20,0.135105595,,,,,
MEX,GDPpct,SRnD20,0.1147044,,,,,
MYS,GDPpct,SRnD20,0.13029851,,,,,
NGA,GDPpct,SRnD20,0.683774889,,,,,
Oceania,GDPpct,SRnD20,0.036748178,,,,,
Oth_CEE_CIS,GDPpct,SRnD20,0.200840399,,,,,
Oth_Europe,GDPpct,SRnD20,0.081332125,,,,,
PAK,GDPpct,SRnD20,0.21485436,,,,,
PHL,GDPpct,SRnD20,0.280074805,,,,,
POL,GDPpct,SRnD20,0.141294286,,,,,
R_S_Asia,GDPpct,SRnD20,0.340132385,,,,,
R_SE_Asia,GDPpct,SRnD20,0.224085584,,,,,
Russia,GDPpct,SRnD20,0.062155906,,,,,
S_o_Amer,GDPpct,SRnD20,0.059650358,,,,,
S_S_AFR,GDPpct,SRnD20,0.305147082,,,,,
TUR,GDPpct,SRnD20,0.094853871,,,,,
USA,GDPpct,SRnD20,9.22E-03,,,,,
VNM,GDPpct,SRnD20,0.328847229,,,,,
XAC,GDPpct,SRnD20,0.099184655,,,,,
ZAF,GDPpct,SRnD20,-7.61E-03,,,,,
World,GDPpct,SRnD20,0.083910629,,,,,
ARG,RealGDPvalch,SRnD20,196.8227692,,,,,
BGD,RealGDPvalch,SRnD20,420.5385437,,,,,
BRAZIL,RealGDPvalch,SRnD20,746.7715454,,,,,
C_C_Amer,RealGDPvalch,SRnD20,2236.792725,,,,,
CAN,RealGDPvalch,SRnD20,62.93000794,,,,,
CHIHKG,RealGDPvalch,SRnD20,25561.72266,,,,,
COL,RealGDPvalch,SRnD20,134.5658569,,,,,
E_Asia,RealGDPvalch,SRnD20,201.1456451,,,,,
EGY,RealGDPvalch,SRnD20,2325.527832,,,,,
ETH,RealGDPvalch,SRnD20,776.3272705,,,,,
EU27,RealGDPvalch,SRnD20,3733.107422,,,,,
IDN,RealGDPvalch,SRnD20,5021.68457,,,,,
INDIA,RealGDPvalch,SRnD20,2436.902832,,,,,
JAPAN,RealGDPvalch,SRnD20,815.4780273,,,,,
KOR,RealGDPvalch,SRnD20,367.0328064,,,,,
MAR,RealGDPvalch,SRnD20,283.0499878,,,,,
MDG,RealGDPvalch,SRnD20,21.05443382,,,,,
MEAS_NAfr,RealGDPvalch,SRnD20,6415.986816,,,,,
MEX,RealGDPvalch,SRnD20,1874.592529,,,,,
MYS,RealGDPvalch,SRnD20,636.6604614,,,,,
NGA,RealGDPvalch,SRnD20,10686.30469,,,,,
Oceania,RealGDPvalch,SRnD20,1097.318237,,,,,
Oth_CEE_CIS,RealGDPvalch,SRnD20,2952.968262,,,,,
Oth_Europe,RealGDPvalch,SRnD20,1267.737427,,,,,
PAK,RealGDPvalch,SRnD20,554.6886597,,,,,
PHL,RealGDPvalch,SRnD20,1384.555908,,,,,
POL,RealGDPvalch,SRnD20,1055.498779,,,,,
R_S_Asia,RealGDPvalch,SRnD20,633.0090332,,,,,
R_SE_Asia,RealGDPvalch,SRnD20,2173.704102,,,,,
Russia,RealGDPvalch,SRnD20,2277.840332,,,,,
S_o_Amer,RealGDPvalch,SRnD20,1033.064331,,,,,
S_S_AFR,RealGDPvalch,SRnD20,3504.369141,,,,,
TUR,RealGDPvalch,SRnD20,1070.913208,,,,,
USA,RealGDPvalch,SRnD20,1888.08606,,,,,
VNM,RealGDPvalch,SRnD20,1082.636231,,,,,
XAC,RealGDPvalch,SRnD20,491.3212585,,,,,
ZAF,RealGDPvalch,SRnD20,-36.27950668,,,,,
World,RealGDPvalch,SRnD20,87386.42969,,,,,
ARG,NomGDPvalch,SRnD20,-1007.1875,,,,,
BGD,NomGDPvalch,SRnD20,550.8125,,,,,
BRAZIL,NomGDPvalch,SRnD20,-3452.75,,,,,
C_C_Amer,NomGDPvalch,SRnD20,2263.625,,,,,
CAN,NomGDPvalch,SRnD20,3338.5,,,,,
CHIHKG,NomGDPvalch,SRnD20,43460,,,,,
COL,NomGDPvalch,SRnD20,1604.9375,,,,,
E_Asia,NomGDPvalch,SRnD20,213.640625,,,,,
EGY,NomGDPvalch,SRnD20,1525.125,,,,,
ETH,NomGDPvalch,SRnD20,-1345.171875,,,,,
EU27,NomGDPvalch,SRnD20,24326,,,,,
IDN,NomGDPvalch,SRnD20,5748.125,,,,,
INDIA,NomGDPvalch,SRnD20,-4647,,,,,
JAPAN,NomGDPvalch,SRnD20,3858,,,,,
KOR,NomGDPvalch,SRnD20,881.5,,,,,
MAR,NomGDPvalch,SRnD20,151.546875,,,,,
MDG,NomGDPvalch,SRnD20,-6.3203125,,,,,
MEAS_NAfr,NomGDPvalch,SRnD20,18132.5,,,,,
MEX,NomGDPvalch,SRnD20,3172.625,,,,,
MYS,NomGDPvalch,SRnD20,953.71875,,,,,
NGA,NomGDPvalch,SRnD20,-4843.125,,,,,
Oceania,NomGDPvalch,SRnD20,6841.25,,,,,
Oth_CEE_CIS,NomGDPvalch,SRnD20,1240.625,,,,,
Oth_Europe,NomGDPvalch,SRnD20,4153.75,,,,,
PAK,NomGDPvalch,SRnD20,517.8125,,,,,
PHL,NomGDPvalch,SRnD20,825.125,,,,,
POL,NomGDPvalch,SRnD20,1650.8125,,,,,
R_S_Asia,NomGDPvalch,SRnD20,360.9375,,,,,
R_SE_Asia,NomGDPvalch,SRnD20,1258.6875,,,,,
Russia,NomGDPvalch,SRnD20,14689,,,,,
S_o_Amer,NomGDPvalch,SRnD20,2292.375,,,,,
S_S_AFR,NomGDPvalch,SRnD20,337.625,,,,,
TUR,NomGDPvalch,SRnD20,-37.625,,,,,
USA,NomGDPvalch,SRnD20,20598,,,,,
VNM,NomGDPvalch,SRnD20,957.28125,,,,,
XAC,NomGDPvalch,SRnD20,2401,,,,,
ZAF,NomGDPvalch,SRnD20,26.53125,,,,,
World,NomGDPvalch,SRnD20,152992.2813,,,,,
ARG,GDPpct,GPESSRRnD20,0.031793825,,,,,
BGD,GDPpct,GPESSRRnD20,0.134094149,,,,,
BRAZIL,GDPpct,GPESSRRnD20,0.024127217,,,,,
C_C_Amer,GDPpct,GPESSRRnD20,0.307393253,,,,,
CAN,GDPpct,GPESSRRnD20,-1.84E-03,,,,,
CHIHKG,GDPpct,GPESSRRnD20,0.134779245,,,,,
COL,GDPpct,GPESSRRnD20,0.024031194,,,,,
E_Asia,GDPpct,GPESSRRnD20,0.100807443,,,,,
EGY,GDPpct,GPESSRRnD20,0.433202863,,,,,
ETH,GDPpct,GPESSRRnD20,0.79233849,,,,,
EU27,GDPpct,GPESSRRnD20,0.012977989,,,,,
IDN,GDPpct,GPESSRRnD20,0.144774392,,,,,
INDIA,GDPpct,GPESSRRnD20,0.076929972,,,,,
JAPAN,GDPpct,GPESSRRnD20,0.01707935,,,,,
KOR,GDPpct,GPESSRRnD20,0.018378617,,,,,
MAR,GDPpct,GPESSRRnD20,0.190945655,,,,,
MDG,GDPpct,GPESSRRnD20,0.110089071,,,,,
MEAS_NAfr,GDPpct,GPESSRRnD20,0.131357536,,,,,
MEX,GDPpct,GPESSRRnD20,0.107636489,,,,,
MYS,GDPpct,GPESSRRnD20,0.064884476,,,,,
NGA,GDPpct,GPESSRRnD20,0.682521284,,,,,
Oceania,GDPpct,GPESSRRnD20,0.032733012,,,,,
Oth_CEE_CIS,GDPpct,GPESSRRnD20,0.200543046,,,,,
Oth_Europe,GDPpct,GPESSRRnD20,0.080443792,,,,,
PAK,GDPpct,GPESSRRnD20,0.211671501,,,,,
PHL,GDPpct,GPESSRRnD20,0.281067073,,,,,
POL,GDPpct,GPESSRRnD20,0.141954944,,,,,
R_S_Asia,GDPpct,GPESSRRnD20,0.336780816,,,,,
R_SE_Asia,GDPpct,GPESSRRnD20,0.217881516,,,,,
Russia,GDPpct,GPESSRRnD20,0.060315527,,,,,
S_o_Amer,GDPpct,GPESSRRnD20,0.05987807,,,,,
S_S_AFR,GDPpct,GPESSRRnD20,0.243723631,,,,,
TUR,GDPpct,GPESSRRnD20,0.093976326,,,,,
USA,GDPpct,GPESSRRnD20,4.53E-03,,,,,
VNM,GDPpct,GPESSRRnD20,0.329893887,,,,,
XAC,GDPpct,GPESSRRnD20,0.062919639,,,,,
ZAF,GDPpct,GPESSRRnD20,-0.01423886,,,,,
World,GDPpct,GPESSRRnD20,0.076389499,,,,,
ARG,RealGDPvalch,GPESSRRnD20,212.6690064,,,,,
BGD,RealGDPvalch,GPESSRRnD20,402.7910156,,,,,
BRAZIL,RealGDPvalch,GPESSRRnD20,764.0546875,,,,,
C_C_Amer,RealGDPvalch,GPESSRRnD20,2242.846436,,,,,
CAN,RealGDPvalch,GPESSRRnD20,-48.13586426,,,,,
CHIHKG,RealGDPvalch,GPESSRRnD20,25531.24414,,,,,
COL,RealGDPvalch,GPESSRRnD20,135.5908814,,,,,
E_Asia,RealGDPvalch,GPESSRRnD20,166.6053467,,,,,
EGY,RealGDPvalch,GPESSRRnD20,2353.882568,,,,,
ETH,RealGDPvalch,GPESSRRnD20,778.0176392,,,,,
EU27,RealGDPvalch,GPESSRRnD20,2533.875,,,,,
IDN,RealGDPvalch,GPESSRRnD20,1678.81897,,,,,
INDIA,RealGDPvalch,GPESSRRnD20,2169.856445,,,,,
JAPAN,RealGDPvalch,GPESSRRnD20,750.4723511,,,,,
KOR,RealGDPvalch,GPESSRRnD20,317.590332,,,,,
MAR,RealGDPvalch,GPESSRRnD20,281.6105042,,,,,
MDG,RealGDPvalch,GPESSRRnD20,20.58416939,,,,,
MEAS_NAfr,RealGDPvalch,GPESSRRnD20,6237.996582,,,,,
MEX,RealGDPvalch,GPESSRRnD20,1759.083008,,,,,
MYS,RealGDPvalch,GPESSRRnD20,317.0364685,,,,,
NGA,RealGDPvalch,GPESSRRnD20,10666.71289,,,,,
Oceania,RealGDPvalch,GPESSRRnD20,977.4234009,,,,,
Oth_CEE_CIS,RealGDPvalch,GPESSRRnD20,2948.596436,,,,,
Oth_Europe,RealGDPvalch,GPESSRRnD20,1253.890869,,,,,
PAK,RealGDPvalch,GPESSRRnD20,546.4715576,,,,,
PHL,RealGDPvalch,GPESSRRnD20,1389.461182,,,,,
POL,RealGDPvalch,GPESSRRnD20,1060.434082,,,,,
R_S_Asia,RealGDPvalch,GPESSRRnD20,626.7715454,,,,,
R_SE_Asia,RealGDPvalch,GPESSRRnD20,2113.522705,,,,,
Russia,RealGDPvalch,GPESSRRnD20,2210.395752,,,,,
S_o_Amer,RealGDPvalch,GPESSRRnD20,1037.008057,,,,,
S_S_AFR,RealGDPvalch,GPESSRRnD20,2798.970215,,,,,
TUR,RealGDPvalch,GPESSRRnD20,1061.005615,,,,,
USA,RealGDPvalch,GPESSRRnD20,926.7452393,,,,,
VNM,RealGDPvalch,GPESSRRnD20,1086.082031,,,,,
XAC,RealGDPvalch,GPESSRRnD20,311.678833,,,,,
ZAF,RealGDPvalch,GPESSRRnD20,-67.90249634,,,,,
World,RealGDPvalch,GPESSRRnD20,79553.75781,,,,,
ARG,NomGDPvalch,GPESSRRnD20,-271.1875,,,,,
BGD,NomGDPvalch,GPESSRRnD20,518.65625,,,,,
BRAZIL,NomGDPvalch,GPESSRRnD20,-1554.5,,,,,
C_C_Amer,NomGDPvalch,GPESSRRnD20,2509.1875,,,,,
CAN,NomGDPvalch,GPESSRRnD20,1275.5,,,,,
CHIHKG,NomGDPvalch,GPESSRRnD20,43040,,,,,
COL,NomGDPvalch,GPESSRRnD20,1644.75,,,,,
E_Asia,NomGDPvalch,GPESSRRnD20,240.421875,,,,,
EGY,NomGDPvalch,GPESSRRnD20,1608.9375,,,,,
ETH,NomGDPvalch,GPESSRRnD20,-1147.382813,,,,,
EU27,NomGDPvalch,GPESSRRnD20,16122,,,,,
IDN,NomGDPvalch,GPESSRRnD20,11524.25,,,,,
INDIA,NomGDPvalch,GPESSRRnD20,-2638.75,,,,,
JAPAN,NomGDPvalch,GPESSRRnD20,2188,,,,,
KOR,NomGDPvalch,GPESSRRnD20,798.25,,,,,
MAR,NomGDPvalch,GPESSRRnD20,232.40625,,,,,
MDG,NomGDPvalch,GPESSRRnD20,12.84960938,,,,,
MEAS_NAfr,NomGDPvalch,GPESSRRnD20,16147.5,,,,,
MEX,NomGDPvalch,GPESSRRnD20,3501,,,,,
MYS,NomGDPvalch,GPESSRRnD20,1005.9375,,,,,
NGA,NomGDPvalch,GPESSRRnD20,-5432,,,,,
Oceania,NomGDPvalch,GPESSRRnD20,4601,,,,,
Oth_CEE_CIS,NomGDPvalch,GPESSRRnD20,1558.125,,,,,
Oth_Europe,NomGDPvalch,GPESSRRnD20,3782.875,,,,,
PAK,NomGDPvalch,GPESSRRnD20,630.546875,,,,,
PHL,NomGDPvalch,GPESSRRnD20,879.6875,,,,,
POL,NomGDPvalch,GPESSRRnD20,1670.125,,,,,
R_S_Asia,NomGDPvalch,GPESSRRnD20,429.859375,,,,,
R_SE_Asia,NomGDPvalch,GPESSRRnD20,1506.375,,,,,
Russia,NomGDPvalch,GPESSRRnD20,13868.5,,,,,
S_o_Amer,NomGDPvalch,GPESSRRnD20,2669.375,,,,,
S_S_AFR,NomGDPvalch,GPESSRRnD20,4007.5,,,,,
TUR,NomGDPvalch,GPESSRRnD20,56.375,,,,,
USA,NomGDPvalch,GPESSRRnD20,4480,,,,,
VNM,NomGDPvalch,GPESSRRnD20,938.5,,,,,
XAC,NomGDPvalch,GPESSRRnD20,5271,,,,,
ZAF,NomGDPvalch,GPESSRRnD20,335.34375,,,,,
World,NomGDPvalch,GPESSRRnD20,138011.0156,,,,,
ARG,GDPpct,BAU_aESRigid,8.27E-03,,,,,
BGD,GDPpct,BAU_aESRigid,-2.157612085,,,,,
BRAZIL,GDPpct,BAU_aESRigid,-0.046750158,,,,,
C_C_Amer,GDPpct,BAU_aESRigid,-0.187947437,,,,,
CAN,GDPpct,BAU_aESRigid,6.21E-03,,,,,
CHIHKG,GDPpct,BAU_aESRigid,-0.302614212,,,,,
COL,GDPpct,BAU_aESRigid,0.054356936,,,,,
E_Asia,GDPpct,BAU_aESRigid,0.012046795,,,,,
EGY,GDPpct,BAU_aESRigid,-0.564891994,,,,,
ETH,GDPpct,BAU_aESRigid,-0.329917759,,,,,
EU27,GDPpct,BAU_aESRigid,-3.98E-03,,,,,
IDN,GDPpct,BAU_aESRigid,-0.338567585,,,,,
INDIA,GDPpct,BAU_aESRigid,-0.193378955,,,,,
JAPAN,GDPpct,BAU_aESRigid,-0.042910956,,,,,
KOR,GDPpct,BAU_aESRigid,-0.12638171,,,,,
MAR,GDPpct,BAU_aESRigid,0.237485334,,,,,
MDG,GDPpct,BAU_aESRigid,-1.067781329,,,,,
MEAS_NAfr,GDPpct,BAU_aESRigid,0.085310109,,,,,
MEX,GDPpct,BAU_aESRigid,2.24E-03,,,,,
MYS,GDPpct,BAU_aESRigid,-0.38122946,,,,,
NGA,GDPpct,BAU_aESRigid,-0.077913038,,,,,
Oceania,GDPpct,BAU_aESRigid,0.092291273,,,,,
Oth_CEE_CIS,GDPpct,BAU_aESRigid,-0.014887488,,,,,
Oth_Europe,GDPpct,BAU_aESRigid,-0.064942375,,,,,
PAK,GDPpct,BAU_aESRigid,0.174432576,,,,,
PHL,GDPpct,BAU_aESRigid,0.255368859,,,,,
POL,GDPpct,BAU_aESRigid,-0.096668452,,,,,
R_S_Asia,GDPpct,BAU_aESRigid,-0.530579925,,,,,
R_SE_Asia,GDPpct,BAU_aESRigid,-0.172428727,,,,,
Russia,GDPpct,BAU_aESRigid,0.062684163,,,,,
S_o_Amer,GDPpct,BAU_aESRigid,-0.064026728,,,,,
S_S_AFR,GDPpct,BAU_aESRigid,0.039457217,,,,,
TUR,GDPpct,BAU_aESRigid,-0.079230353,,,,,
USA,GDPpct,BAU_aESRigid,-8.48E-03,,,,,
VNM,GDPpct,BAU_aESRigid,-0.09204223,,,,,
XAC,GDPpct,BAU_aESRigid,1.230870962,,,,,
ZAF,GDPpct,BAU_aESRigid,-0.01687601,,,,,
World,GDPpct,BAU_aESRigid,-0.075411864,,,,,
ARG,RealGDPvalch,BAU_aESRigid,55.39983749,,,,,
BGD,RealGDPvalch,BAU_aESRigid,-6263.571777,,,,,
BRAZIL,RealGDPvalch,BAU_aESRigid,-1480.557739,,,,,
C_C_Amer,RealGDPvalch,BAU_aESRigid,-1379.721802,,,,,
CAN,RealGDPvalch,BAU_aESRigid,161.4230957,,,,,
CHIHKG,RealGDPvalch,BAU_aESRigid,-57590.10938,,,,,
COL,RealGDPvalch,BAU_aESRigid,303.2727661,,,,,
E_Asia,RealGDPvalch,BAU_aESRigid,19.86248207,,,,,
EGY,RealGDPvalch,BAU_aESRigid,-3082.670166,,,,,
ETH,RealGDPvalch,BAU_aESRigid,-318.5664368,,,,,
EU27,RealGDPvalch,BAU_aESRigid,-778.668335,,,,,
IDN,RealGDPvalch,BAU_aESRigid,-3941.983398,,,,,
INDIA,RealGDPvalch,BAU_aESRigid,-5526.184082,,,,,
JAPAN,RealGDPvalch,BAU_aESRigid,-1897.144409,,,,,
KOR,RealGDPvalch,BAU_aESRigid,-2203.844238,,,,,
MAR,RealGDPvalch,BAU_aESRigid,351.1328125,,,,,
MDG,RealGDPvalch,BAU_aESRigid,-198.6408844,,,,,
MEAS_NAfr,RealGDPvalch,BAU_aESRigid,3988.084717,,,,,
MEX,RealGDPvalch,BAU_aESRigid,36.6056366,,,,,
MYS,RealGDPvalch,BAU_aESRigid,-1860.791748,,,,,
NGA,RealGDPvalch,BAU_aESRigid,-1201.359619,,,,,
Oceania,RealGDPvalch,BAU_aESRigid,2719.998779,,,,,
Oth_CEE_CIS,RealGDPvalch,BAU_aESRigid,-217.8933716,,,,,
Oth_Europe,RealGDPvalch,BAU_aESRigid,-1007.743225,,,,,
PAK,RealGDPvalch,BAU_aESRigid,451.1101074,,,,,
PHL,RealGDPvalch,BAU_aESRigid,1261.577393,,,,,
POL,RealGDPvalch,BAU_aESRigid,-724.9813232,,,,,
R_S_Asia,RealGDPvalch,BAU_aESRigid,-991.0960083,,,,,
R_SE_Asia,RealGDPvalch,BAU_aESRigid,-1684.954102,,,,,
Russia,RealGDPvalch,BAU_aESRigid,2261.927979,,,,,
S_o_Amer,RealGDPvalch,BAU_aESRigid,-1103.083618,,,,,
S_S_AFR,RealGDPvalch,BAU_aESRigid,450.3258972,,,,,
TUR,RealGDPvalch,BAU_aESRigid,-899.1259766,,,,,
USA,RealGDPvalch,BAU_aESRigid,-1737.168945,,,,,
VNM,RealGDPvalch,BAU_aESRigid,-301.5571899,,,,,
XAC,RealGDPvalch,BAU_aESRigid,5896.958984,,,,,
ZAF,RealGDPvalch,BAU_aESRigid,-80.43305206,,,,,
World,RealGDPvalch,BAU_aESRigid,-78514.17188,,,,,
ARG,NomGDPvalch,BAU_aESRigid,-1829.375,,,,,
BGD,NomGDPvalch,BAU_aESRigid,14135.6875,,,,,
BRAZIL,NomGDPvalch,BAU_aESRigid,263.5,,,,,
C_C_Amer,NomGDPvalch,BAU_aESRigid,-5197.4375,,,,,
CAN,NomGDPvalch,BAU_aESRigid,18294,,,,,
CHIHKG,NomGDPvalch,BAU_aESRigid,-105066,,,,,
COL,NomGDPvalch,BAU_aESRigid,7853.6875,,,,,
E_Asia,NomGDPvalch,BAU_aESRigid,530.234375,,,,,
EGY,NomGDPvalch,BAU_aESRigid,-1517.125,,,,,
ETH,NomGDPvalch,BAU_aESRigid,2590.203125,,,,,
EU27,NomGDPvalch,BAU_aESRigid,-48802,,,,,
IDN,NomGDPvalch,BAU_aESRigid,-7901.625,,,,,
INDIA,NomGDPvalch,BAU_aESRigid,-47926.75,,,,,
JAPAN,NomGDPvalch,BAU_aESRigid,-35198.5,,,,,
KOR,NomGDPvalch,BAU_aESRigid,-19921.5,,,,,
MAR,NomGDPvalch,BAU_aESRigid,-753.1875,,,,,
MDG,NomGDPvalch,BAU_aESRigid,180.7011719,,,,,
MEAS_NAfr,NomGDPvalch,BAU_aESRigid,91742.5,,,,,
MEX,NomGDPvalch,BAU_aESRigid,3643.875,,,,,
MYS,NomGDPvalch,BAU_aESRigid,1162.65625,,,,,
NGA,NomGDPvalch,BAU_aESRigid,30927.625,,,,,
Oceania,NomGDPvalch,BAU_aESRigid,53167.25,,,,,
Oth_CEE_CIS,NomGDPvalch,BAU_aESRigid,8656.5,,,,,
Oth_Europe,NomGDPvalch,BAU_aESRigid,9278.875,,,,,
PAK,NomGDPvalch,BAU_aESRigid,-934.703125,,,,,
PHL,NomGDPvalch,BAU_aESRigid,-1015.46875,,,,,
POL,NomGDPvalch,BAU_aESRigid,-3580.25,,,,,
R_S_Asia,NomGDPvalch,BAU_aESRigid,-140.859375,,,,,
R_SE_Asia,NomGDPvalch,BAU_aESRigid,-8997.5,,,,,
Russia,NomGDPvalch,BAU_aESRigid,67176,,,,,
S_o_Amer,NomGDPvalch,BAU_aESRigid,12574.75,,,,,
S_S_AFR,NomGDPvalch,BAU_aESRigid,10329.5,,,,,
TUR,NomGDPvalch,BAU_aESRigid,-7577.75,,,,,
USA,NomGDPvalch,BAU_aESRigid,-22408,,,,,
VNM,NomGDPvalch,BAU_aESRigid,2044.875,,,,,
XAC,NomGDPvalch,BAU_aESRigid,18126.28125,,,,,
ZAF,NomGDPvalch,BAU_aESRigid,444.875,,,,,
World,NomGDPvalch,BAU_aESRigid,34355.54688,,,,,
ARG,GDPpct,BAU_aECOLLPS,-2.451507568,,,,,
BGD,GDPpct,BAU_aECOLLPS,-15.43713093,,,,,
BRAZIL,GDPpct,BAU_aECOLLPS,-3.673572779,,,,,
C_C_Amer,GDPpct,BAU_aECOLLPS,-2.525111437,,,,,
CAN,GDPpct,BAU_aECOLLPS,-0.619508863,,,,,
CHIHKG,GDPpct,BAU_aECOLLPS,-3.142238855,,,,,
COL,GDPpct,BAU_aECOLLPS,-1.843600869,,,,,
E_Asia,GDPpct,BAU_aECOLLPS,-0.215844274,,,,,
EGY,GDPpct,BAU_aECOLLPS,-4.161851883,,,,,
ETH,GDPpct,BAU_aECOLLPS,-12.3955307,,,,,
EU27,GDPpct,BAU_aECOLLPS,-0.355380088,,,,,
IDN,GDPpct,BAU_aECOLLPS,-6.828172207,,,,,
INDIA,GDPpct,BAU_aECOLLPS,-3.934057713,,,,,
JAPAN,GDPpct,BAU_aECOLLPS,-0.629923999,,,,,
KOR,GDPpct,BAU_aECOLLPS,-1.214677334,,,,,
MAR,GDPpct,BAU_aECOLLPS,-2.614040136,,,,,
MDG,GDPpct,BAU_aECOLLPS,-157.3268738,,,,,
MEAS_NAfr,GDPpct,BAU_aECOLLPS,-1.19013536,,,,,
MEX,GDPpct,BAU_aECOLLPS,-0.853403807,,,,,
MYS,GDPpct,BAU_aECOLLPS,-4.217761993,,,,,
NGA,GDPpct,BAU_aECOLLPS,-8.542086601,,,,,
Oceania,GDPpct,BAU_aECOLLPS,-0.576810062,,,,,
Oth_CEE_CIS,GDPpct,BAU_aECOLLPS,-1.967498422,,,,,
Oth_Europe,GDPpct,BAU_aECOLLPS,-1.076164365,,,,,
PAK,GDPpct,BAU_aECOLLPS,-13.81393147,,,,,
PHL,GDPpct,BAU_aECOLLPS,-7.94115448,,,,,
POL,GDPpct,BAU_aECOLLPS,-0.742361724,,,,,
R_S_Asia,GDPpct,BAU_aECOLLPS,-5.10244751,,,,,
R_SE_Asia,GDPpct,BAU_aECOLLPS,-3.481755257,,,,,
Russia,GDPpct,BAU_aECOLLPS,-0.416491032,,,,,
S_o_Amer,GDPpct,BAU_aECOLLPS,-3.37920332,,,,,
S_S_AFR,GDPpct,BAU_aECOLLPS,-9.289114952,,,,,
TUR,GDPpct,BAU_aECOLLPS,-2.061730146,,,,,
USA,GDPpct,BAU_aECOLLPS,-0.433859468,,,,,
VNM,GDPpct,BAU_aECOLLPS,-8.662712097,,,,,
XAC,GDPpct,BAU_aECOLLPS,-19.46546364,,,,,
ZAF,GDPpct,BAU_aECOLLPS,-0.261970639,,,,,
World,GDPpct,BAU_aECOLLPS,-1.942115784,,,,,
ARG,RealGDPvalch,BAU_aECOLLPS,-16426.98828,,,,,
BGD,RealGDPvalch,BAU_aECOLLPS,-44814.16016,,,,,
BRAZIL,RealGDPvalch,BAU_aECOLLPS,-116340.5,,,,,
C_C_Amer,RealGDPvalch,BAU_aECOLLPS,-18536.83789,,,,,
CAN,RealGDPvalch,BAU_aECOLLPS,-16115.24414,,,,,
CHIHKG,RealGDPvalch,BAU_aECOLLPS,-597995.3125,,,,,
COL,RealGDPvalch,BAU_aECOLLPS,-10285.97168,,,,,
E_Asia,RealGDPvalch,BAU_aECOLLPS,-355.8791504,,,,,
EGY,RealGDPvalch,BAU_aECOLLPS,-22711.62891,,,,,
ETH,RealGDPvalch,BAU_aECOLLPS,-11969.04297,,,,,
EU27,RealGDPvalch,BAU_aECOLLPS,-69508.84375,,,,,
IDN,RealGDPvalch,BAU_aECOLLPS,-79501.24219,,,,,
INDIA,RealGDPvalch,BAU_aECOLLPS,-112423.4453,,,,,
JAPAN,RealGDPvalch,BAU_aECOLLPS,-27849.68945,,,,,
KOR,RealGDPvalch,BAU_aECOLLPS,-21181.54492,,,,,
MAR,RealGDPvalch,BAU_aECOLLPS,-3864.976807,,,,,
MDG,RealGDPvalch,BAU_aECOLLPS,-29267.74414,,,,,
MEAS_NAfr,RealGDPvalch,BAU_aECOLLPS,-55636.55469,,,,,
MEX,RealGDPvalch,BAU_aECOLLPS,-13919.74023,,,,,
MYS,RealGDPvalch,BAU_aECOLLPS,-20587.01563,,,,,
NGA,RealGDPvalch,BAU_aECOLLPS,-131712.4688,,,,,
Oceania,RealGDPvalch,BAU_aECOLLPS,-16999.68555,,,,,
Oth_CEE_CIS,RealGDPvalch,BAU_aECOLLPS,-28796.32031,,,,,
Oth_Europe,RealGDPvalch,BAU_aECOLLPS,-16699.37891,,,,,
PAK,RealGDPvalch,BAU_aECOLLPS,-35725,,,,,
PHL,RealGDPvalch,BAU_aECOLLPS,-39231.01953,,,,,
POL,RealGDPvalch,BAU_aECOLLPS,-5567.466797,,,,,
R_S_Asia,RealGDPvalch,BAU_aECOLLPS,-9531.109375,,,,,
R_SE_Asia,RealGDPvalch,BAU_aECOLLPS,-34023.32031,,,,,
Russia,RealGDPvalch,BAU_aECOLLPS,-15028.87988,,,,,
S_o_Amer,RealGDPvalch,BAU_aECOLLPS,-58218.55859,,,,,
S_S_AFR,RealGDPvalch,BAU_aECOLLPS,-106016.8281,,,,,
TUR,RealGDPvalch,BAU_aECOLLPS,-23397.03125,,,,,
USA,RealGDPvalch,BAU_aECOLLPS,-88884.53906,,,,,
VNM,RealGDPvalch,BAU_aECOLLPS,-28381.57031,,,,,
XAC,RealGDPvalch,BAU_aECOLLPS,-93256.76563,,,,,
ZAF,RealGDPvalch,BAU_aECOLLPS,-1248.582886,,,,,
World,RealGDPvalch,BAU_aECOLLPS,-2022010.875,,,,,
ARG,NomGDPvalch,BAU_aECOLLPS,23376.875,,,,,
BGD,NomGDPvalch,BAU_aECOLLPS,28973.8125,,,,,
BRAZIL,NomGDPvalch,BAU_aECOLLPS,-158955.5,,,,,
C_C_Amer,NomGDPvalch,BAU_aECOLLPS,1945.25,,,,,
CAN,NomGDPvalch,BAU_aECOLLPS,42149.25,,,,,
CHIHKG,NomGDPvalch,BAU_aECOLLPS,-794456,,,,,
COL,NomGDPvalch,BAU_aECOLLPS,-8367.5,,,,,
E_Asia,NomGDPvalch,BAU_aECOLLPS,-3760.59375,,,,,
EGY,NomGDPvalch,BAU_aECOLLPS,-10196.375,,,,,
ETH,NomGDPvalch,BAU_aECOLLPS,54342.95313,,,,,
EU27,NomGDPvalch,BAU_aECOLLPS,-236070,,,,,
IDN,NomGDPvalch,BAU_aECOLLPS,-157796.25,,,,,
INDIA,NomGDPvalch,BAU_aECOLLPS,12499.75,,,,,
JAPAN,NomGDPvalch,BAU_aECOLLPS,-157816,,,,,
KOR,NomGDPvalch,BAU_aECOLLPS,-60691.625,,,,,
MAR,NomGDPvalch,BAU_aECOLLPS,9818.5625,,,,,
MDG,NomGDPvalch,BAU_aECOLLPS,368050.5625,,,,,
MEAS_NAfr,NomGDPvalch,BAU_aECOLLPS,94791.5,,,,,
MEX,NomGDPvalch,BAU_aECOLLPS,-11381.625,,,,,
MYS,NomGDPvalch,BAU_aECOLLPS,-36612.3125,,,,,
NGA,NomGDPvalch,BAU_aECOLLPS,-15632.25,,,,,
Oceania,NomGDPvalch,BAU_aECOLLPS,121191.75,,,,,
Oth_CEE_CIS,NomGDPvalch,BAU_aECOLLPS,66017.5,,,,,
Oth_Europe,NomGDPvalch,BAU_aECOLLPS,-17620,,,,,
PAK,NomGDPvalch,BAU_aECOLLPS,-36130.34375,,,,,
PHL,NomGDPvalch,BAU_aECOLLPS,-15160.59375,,,,,
POL,NomGDPvalch,BAU_aECOLLPS,-11306,,,,,
R_S_Asia,NomGDPvalch,BAU_aECOLLPS,3211.671875,,,,,
R_SE_Asia,NomGDPvalch,BAU_aECOLLPS,-46180.0625,,,,,
Russia,NomGDPvalch,BAU_aECOLLPS,65750,,,,,
S_o_Amer,NomGDPvalch,BAU_aECOLLPS,-56543.375,,,,,
S_S_AFR,NomGDPvalch,BAU_aECOLLPS,-3239.5,,,,,
TUR,NomGDPvalch,BAU_aECOLLPS,-31797,,,,,
USA,NomGDPvalch,BAU_aECOLLPS,-115104,,,,,
VNM,NomGDPvalch,BAU_aECOLLPS,-28621.5,,,,,
XAC,NomGDPvalch,BAU_aECOLLPS,140651.75,,,,,
ZAF,NomGDPvalch,BAU_aECOLLPS,19183.59375,,,,,
World,NomGDPvalch,BAU_aECOLLPS,-961483.625,,,,,
